{
  "version": "2021.1",
  "applications": [],
  "platforms": [],
  "systems": [
    {
      "name": "streaming_lab_system",
      "platform": "/home/centos/aws-fpga/Vitis/aws_platform/xilinx_aws-vu9p-f1_shell-v04261818_201920_2/xilinx_aws-vu9p-f1_shell-v04261818_201920_2.xpfm",
      "sysConfig": "config0_0",
      "buildConfig": "Emulation-SW",
      "applications": [
        {
          "name": "streaming_lab_system_hw_link",
          "platform": "/home/centos/aws-fpga/Vitis/aws_platform/xilinx_aws-vu9p-f1_shell-v04261818_201920_2/xilinx_aws-vu9p-f1_shell-v04261818_201920_2.xpfm",
          "platformPath": "/home/centos/aws-fpga/Vitis/aws_platform/xilinx_aws-vu9p-f1_shell-v04261818_201920_2",
          "sysConfig": "Linux on x86",
          "domain": "pl",
          "system": "streaming_lab_system"
        },
        {
          "name": "streaming_lab_kernels",
          "platform": "/home/centos/aws-fpga/Vitis/aws_platform/xilinx_aws-vu9p-f1_shell-v04261818_201920_2/xilinx_aws-vu9p-f1_shell-v04261818_201920_2.xpfm",
          "platformPath": "/home/centos/aws-fpga/Vitis/aws_platform/xilinx_aws-vu9p-f1_shell-v04261818_201920_2",
          "sysConfig": "Linux on x86",
          "domain": "",
          "system": "streaming_lab_system"
        },
        {
          "name": "streaming_lab",
          "platform": "/home/centos/aws-fpga/Vitis/aws_platform/xilinx_aws-vu9p-f1_shell-v04261818_201920_2/xilinx_aws-vu9p-f1_shell-v04261818_201920_2.xpfm",
          "platformPath": "/home/centos/aws-fpga/Vitis/aws_platform/xilinx_aws-vu9p-f1_shell-v04261818_201920_2",
          "sysConfig": "config0_0",
          "domain": "x86",
          "system": "streaming_lab_system"
        }
      ],
      "platformPath": "/home/centos/aws-fpga/Vitis/aws_platform/xilinx_aws-vu9p-f1_shell-v04261818_201920_2"
    }
  ],
  "others": []
}